price,buy_vol,sell_vol,delta,total_vol
4071.9,1,0,1,1
4071.8,1,0,1,1
4071.4,1,1,0,2
4071.3,1,0,1,1
4071.0,3,6,-3,9
4070.8,2,2,0,4
4070.7,4,1,3,5
4070.6,5,2,3,7
4070.5,4,2,2,6
4070.4,2,0,2,2
4070.3,4,3,1,7
4070.2,0,2,-2,2
4070.1,1,6,-5,7
4070.0,4,4,0,8
4069.9,6,4,2,10
4069.8,3,1,2,4
4069.7,4,0,4,4
4069.6,14,6,8,20
4069.5,18,8,10,26
4069.4,9,14,-5,23
4069.3,18,12,6,30
4069.2,9,13,-4,22
4069.1,6,13,-7,19
4069.0,6,17,-11,23
4068.9,10,16,-6,26
4068.8,4,33,-29,37
4068.7,4,11,-7,15
4068.6,8,8,0,16
4068.5,1,7,-6,8
4068.4,4,4,0,8
4068.3,7,5,2,12
4068.2,7,7,0,14
4068.1,4,7,-3,11
4068.0,81,8,73,89
4067.9,19,11,8,30
4067.8,15,34,-19,49
4067.7,5,13,-8,18
4067.6,9,29,-20,38
4067.5,5,16,-11,21
4067.4,12,22,-10,34
4067.3,7,6,1,13
4067.2,12,13,-1,25
4067.1,6,21,-15,27
4067.0,75,23,52,98
4066.9,20,12,8,32
4066.8,21,20,1,41
4066.7,14,21,-7,35
4066.6,24,34,-10,58
4066.5,62,31,31,93
4066.4,32,30,2,62
4066.3,36,51,-15,87
4066.2,77,48,29,125
4066.1,61,56,5,117
4066.0,67,44,23,111
4065.9,22,40,-18,62
4065.8,41,47,-6,88
4065.7,32,47,-15,79
4065.6,30,37,-7,67
4065.5,52,83,-31,135
4065.4,64,27,37,91
4065.3,182,53,129,235
4065.2,47,48,-1,95
4065.1,27,59,-32,86
4065.0,67,49,18,116
4064.9,45,45,0,90
4064.8,52,43,9,95
4064.7,33,54,-21,87
4064.6,30,30,0,60
4064.5,53,55,-2,108
4064.4,45,35,10,80
4064.3,33,52,-19,85
4064.2,45,53,-8,98
4064.1,25,55,-30,80
4064.0,54,60,-6,114
4063.9,29,18,11,47
4063.8,22,30,-8,52
4063.7,21,34,-13,55
4063.6,16,16,0,32
4063.5,23,23,0,46
4063.4,20,25,-5,45
4063.3,25,38,-13,63
4063.2,18,27,-9,45
4063.1,15,32,-17,47
4063.0,55,28,27,83
4062.9,36,26,10,62
4062.8,21,20,1,41
4062.7,41,37,4,78
4062.6,20,38,-18,58
4062.5,60,37,23,97
4062.4,8,14,-6,22
4062.3,18,26,-8,44
4062.2,27,21,6,48
4062.1,21,22,-1,43
4062.0,23,47,-24,70
4061.9,20,17,3,37
4061.8,13,18,-5,31
4061.7,10,13,-3,23
4061.6,5,7,-2,12
4061.5,8,6,2,14
4061.4,11,10,1,21
4061.3,7,10,-3,17
4061.2,5,14,-9,19
4061.1,11,9,2,20
4061.0,7,11,-4,18
4060.9,6,12,-6,18
4060.8,8,16,-8,24
4060.7,7,12,-5,19
4060.6,4,15,-11,19
4060.5,2,19,-17,21
4060.4,7,8,-1,15
4060.3,0,2,-2,2
4060.2,2,3,-1,5
4060.1,4,8,-4,12
4060.0,1,5,-4,6
4059.9,0,1,-1,1
4059.8,2,2,0,4
4059.7,0,3,-3,3
4059.6,2,7,-5,9
4059.5,1,0,1,1
4059.4,1,4,-3,5
4059.3,2,6,-4,8
4059.2,0,4,-4,4
4059.1,1,7,-6,8
4059.0,5,7,-2,12
4058.9,0,1,-1,1
4058.8,0,2,-2,2
4058.7,0,2,-2,2
4058.6,1,0,1,1
4058.5,6,2,4,8
4058.4,3,2,1,5
4058.3,5,0,5,5
4058.2,7,3,4,10
4058.1,9,7,2,16
4058.0,11,3,8,14
4057.9,10,6,4,16
4057.8,6,9,-3,15
4057.7,8,6,2,14
4057.6,7,9,-2,16
4057.5,4,7,-3,11
4057.4,3,2,1,5
4057.3,5,2,3,7
4057.2,2,6,-4,8
4057.1,3,5,-2,8
4057.0,1,7,-6,8
4056.9,1,13,-12,14
4056.8,1,2,-1,3
4056.7,4,2,2,6
4056.6,5,8,-3,13
4056.5,7,10,-3,17
4056.4,5,11,-6,16
4056.3,4,9,-5,13
4056.2,3,7,-4,10
4056.1,8,4,4,12
4056.0,7,15,-8,22
4055.9,7,9,-2,16
4055.8,5,13,-8,18
4055.7,6,11,-5,17
4055.6,4,5,-1,9
4055.5,4,7,-3,11
4055.4,1,3,-2,4
4055.3,4,7,-3,11
4055.2,5,0,5,5
4055.1,4,4,0,8
4055.0,9,6,3,15
4054.9,4,3,1,7
4054.8,12,4,8,16
4054.7,7,7,0,14
4054.6,8,9,-1,17
4054.5,4,18,-14,22
4054.4,14,5,9,19
4054.3,13,27,-14,40
4054.2,14,7,7,21
4054.1,8,12,-4,20
4054.0,10,14,-4,24
4053.9,4,13,-9,17
4053.8,7,3,4,10
4053.7,6,6,0,12
4053.6,10,4,6,14
4053.5,6,15,-9,21
4053.4,4,3,1,7
4053.3,9,3,6,12
4053.2,2,5,-3,7
4053.1,5,4,1,9
4053.0,8,7,1,15
4052.9,7,8,-1,15
4052.8,10,5,5,15
4052.7,8,7,1,15
4052.6,15,12,3,27
4052.5,15,27,-12,42
4052.4,18,12,6,30
4052.3,15,23,-8,38
4052.2,11,5,6,16
4052.1,11,10,1,21
4052.0,15,13,2,28
4051.9,11,9,2,20
4051.8,10,12,-2,22
4051.7,12,12,0,24
4051.6,23,16,7,39
4051.5,9,12,-3,21
4051.4,13,12,1,25
4051.3,8,23,-15,31
4051.2,14,15,-1,29
4051.1,25,21,4,46
4051.0,24,26,-2,50
4050.9,11,20,-9,31
4050.8,17,17,0,34
4050.7,9,23,-14,32
4050.6,20,22,-2,42
4050.5,37,41,-4,78
4050.4,35,17,18,52
4050.3,37,27,10,64
4050.2,43,26,17,69
4050.1,35,28,7,63
4050.0,64,67,-3,131
4049.9,40,29,11,69
4049.8,45,38,7,83
4049.7,37,30,7,67
4049.6,22,42,-20,64
4049.5,19,105,-86,124
4049.4,10,26,-16,36
4049.3,10,27,-17,37
4049.2,110,28,82,138
4049.1,92,26,66,118
4049.0,40,41,-1,81
4048.9,38,21,17,59
4048.8,20,31,-11,51
4048.7,17,33,-16,50
4048.6,24,31,-7,55
4048.5,26,27,-1,53
4048.4,19,18,1,37
4048.3,117,22,95,139
4048.2,27,31,-4,58
4048.1,17,26,-9,43
4048.0,28,44,-16,72
4047.9,33,26,7,59
4047.8,27,44,-17,71
4047.7,14,25,-11,39
4047.6,25,27,-2,52
4047.5,42,20,22,62
4047.4,34,13,21,47
4047.3,23,19,4,42
4047.2,38,27,11,65
4047.1,29,24,5,53
4047.0,39,39,0,78
4046.9,17,39,-22,56
4046.8,39,39,0,78
4046.7,29,62,-33,91
4046.6,26,30,-4,56
4046.5,48,30,18,78
4046.4,42,33,9,75
4046.3,40,30,10,70
4046.2,67,30,37,97
4046.1,19,33,-14,52
4046.0,71,60,11,131
4045.9,50,39,11,89
4045.8,25,25,0,50
4045.7,19,23,-4,42
4045.6,22,30,-8,52
4045.5,28,70,-42,98
4045.4,37,32,5,69
4045.3,52,20,32,72
4045.2,46,33,13,79
4045.1,25,26,-1,51
4045.0,38,35,3,73
4044.9,22,28,-6,50
4044.8,18,38,-20,56
4044.7,72,31,41,103
4044.6,32,37,-5,69
4044.5,34,47,-13,81
4044.4,79,44,35,123
4044.3,46,25,21,71
4044.2,65,49,16,114
4044.1,82,41,41,123
4044.0,53,39,14,92
4043.9,27,28,-1,55
4043.8,46,60,-14,106
4043.7,34,31,3,65
4043.6,26,17,9,43
4043.5,124,33,91,157
4043.4,26,30,-4,56
4043.3,36,49,-13,85
4043.2,101,39,62,140
4043.1,50,54,-4,104
4043.0,62,34,28,96
4042.9,24,31,-7,55
4042.8,59,32,27,91
4042.7,41,37,4,78
4042.6,42,32,10,74
4042.5,51,54,-3,105
4042.4,33,35,-2,68
4042.3,30,36,-6,66
4042.2,29,28,1,57
4042.1,27,27,0,54
4042.0,102,48,54,150
4041.9,33,34,-1,67
4041.8,71,49,22,120
4041.7,73,57,16,130
4041.6,59,96,-37,155
4041.5,100,63,37,163
4041.4,66,81,-15,147
4041.3,74,67,7,141
4041.2,85,87,-2,172
4041.1,54,67,-13,121
4041.0,84,97,-13,181
4040.9,72,63,9,135
4040.8,107,62,45,169
4040.7,98,62,36,160
4040.6,141,80,61,221
4040.5,113,142,-29,255
4040.4,87,161,-74,248
4040.3,77,99,-22,176
4040.2,101,79,22,180
4040.1,86,64,22,150
4040.0,133,141,-8,274
4039.9,199,99,100,298
4039.8,100,101,-1,201
4039.7,97,86,11,183
4039.6,96,105,-9,201
4039.5,142,106,36,248
4039.4,104,85,19,189
4039.3,121,137,-16,258
4039.2,147,148,-1,295
4039.1,160,145,15,305
4039.0,161,173,-12,334
4038.9,130,134,-4,264
4038.8,137,117,20,254
4038.7,109,93,16,202
4038.6,144,149,-5,293
4038.5,197,155,42,352
4038.4,145,151,-6,296
4038.3,172,137,35,309
4038.2,208,154,54,362
4038.1,150,135,15,285
4038.0,154,211,-57,365
4037.9,215,112,103,327
4037.8,173,158,15,331
4037.7,139,123,16,262
4037.6,137,136,1,273
4037.5,134,167,-33,301
4037.4,117,112,5,229
4037.3,126,106,20,232
4037.2,109,144,-35,253
4037.1,127,101,26,228
4037.0,190,168,22,358
4036.9,136,164,-28,300
4036.8,116,143,-27,259
4036.7,121,139,-18,260
4036.6,169,110,59,279
4036.5,132,155,-23,287
4036.4,162,180,-18,342
4036.3,131,157,-26,288
4036.2,94,108,-14,202
4036.1,83,106,-23,189
4036.0,105,165,-60,270
4035.9,77,132,-55,209
4035.8,125,102,23,227
4035.7,143,117,26,260
4035.6,125,143,-18,268
4035.5,116,101,15,217
4035.4,102,85,17,187
4035.3,85,109,-24,194
4035.2,92,121,-29,213
4035.1,137,131,6,268
4035.0,165,275,-110,440
4034.9,126,118,8,244
4034.8,146,113,33,259
4034.7,205,142,63,347
4034.6,154,147,7,301
4034.5,129,158,-29,287
4034.4,121,103,18,224
4034.3,119,123,-4,242
4034.2,138,106,32,244
4034.1,103,117,-14,220
4034.0,118,149,-31,267
4033.9,124,117,7,241
4033.8,155,126,29,281
4033.7,172,104,68,276
4033.6,130,152,-22,282
4033.5,123,134,-11,257
4033.4,147,160,-13,307
4033.3,123,148,-25,271
4033.2,157,137,20,294
4033.1,149,133,16,282
4033.0,167,165,2,332
4032.9,155,121,34,276
4032.8,111,91,20,202
4032.7,112,109,3,221
4032.6,151,109,42,260
4032.5,110,85,25,195
4032.4,84,129,-45,213
4032.3,105,78,27,183
4032.2,72,78,-6,150
4032.1,80,124,-44,204
4032.0,347,138,209,485
4031.9,92,102,-10,194
4031.8,73,88,-15,161
4031.7,85,77,8,162
4031.6,66,105,-39,171
4031.5,98,80,18,178
4031.4,69,74,-5,143
4031.3,57,51,6,108
4031.2,58,95,-37,153
4031.1,64,113,-49,177
4031.0,112,136,-24,248
4030.9,94,68,26,162
4030.8,84,79,5,163
4030.7,114,60,54,174
4030.6,80,93,-13,173
4030.5,107,90,17,197
4030.4,105,83,22,188
4030.3,112,71,41,183
4030.2,100,63,37,163
4030.1,64,61,3,125
4030.0,105,116,-11,221
4029.9,55,54,1,109
4029.8,76,72,4,148
4029.7,53,42,11,95
4029.6,108,53,55,161
4029.5,124,108,16,232
4029.4,123,64,59,187
4029.3,77,53,24,130
4029.2,71,41,30,112
4029.1,76,68,8,144
4029.0,84,96,-12,180
4028.9,75,56,19,131
4028.8,47,57,-10,104
4028.7,41,72,-31,113
4028.6,78,45,33,123
4028.5,45,55,-10,100
4028.4,86,61,25,147
4028.3,44,47,-3,91
4028.2,33,41,-8,74
4028.1,47,32,15,79
4028.0,40,62,-22,102
4027.9,23,28,-5,51
4027.8,27,21,6,48
4027.7,25,22,3,47
4027.6,24,34,-10,58
4027.5,30,28,2,58
4027.4,61,26,35,87
4027.3,34,45,-11,79
4027.2,67,34,33,101
4027.1,43,20,23,63
4027.0,26,48,-22,74
4026.9,10,10,0,20
4026.8,15,12,3,27
4026.7,14,13,1,27
4026.6,24,25,-1,49
4026.5,11,26,-15,37
4026.4,15,14,1,29
4026.3,18,14,4,32
4026.2,25,6,19,31
4026.1,12,21,-9,33
4026.0,55,32,23,87
4025.9,12,16,-4,28
4025.8,16,28,-12,44
4025.7,41,26,15,67
4025.6,23,26,-3,49
4025.5,22,19,3,41
4025.4,227,31,196,258
4025.3,19,23,-4,42
4025.2,18,25,-7,43
4025.1,18,23,-5,41
4025.0,38,53,-15,91
4024.9,15,21,-6,36
4024.8,14,18,-4,32
4024.7,11,32,-21,43
4024.6,20,22,-2,42
4024.5,8,14,-6,22
4024.4,19,16,3,35
4024.3,10,4,6,14
4024.2,10,5,5,15
4024.1,60,12,48,72
4024.0,31,16,15,47
4023.9,15,19,-4,34
4023.8,11,21,-10,32
4023.7,14,18,-4,32
4023.6,24,17,7,41
4023.5,20,16,4,36
4023.4,17,17,0,34
4023.3,23,7,16,30
4023.2,57,17,40,74
4023.1,54,36,18,90
4023.0,41,18,23,59
4022.9,25,14,11,39
4022.8,18,34,-16,52
4022.7,10,49,-39,59
4022.6,23,23,0,46
4022.5,21,42,-21,63
4022.4,10,47,-37,57
4022.3,9,17,-8,26
4022.2,16,22,-6,38
4022.1,31,24,7,55
4022.0,18,41,-23,59
4021.9,56,32,24,88
4021.8,29,34,-5,63
4021.7,22,13,9,35
4021.6,27,27,0,54
4021.5,30,23,7,53
4021.4,33,17,16,50
4021.3,35,19,16,54
4021.2,28,69,-41,97
4021.1,20,141,-121,161
4021.0,75,82,-7,157
4020.9,25,26,-1,51
4020.8,33,42,-9,75
4020.7,26,29,-3,55
4020.6,25,23,2,48
4020.5,30,58,-28,88
4020.4,38,27,11,65
4020.3,35,39,-4,74
4020.2,31,55,-24,86
4020.1,247,35,212,282
4020.0,125,89,36,214
4019.9,84,36,48,120
4019.8,40,36,4,76
4019.7,42,39,3,81
4019.6,36,31,5,67
4019.5,23,26,-3,49
4019.4,35,19,16,54
4019.3,9,15,-6,24
4019.2,16,23,-7,39
4019.1,29,23,6,52
4019.0,50,18,32,68
4018.9,18,31,-13,49
4018.8,23,24,-1,47
4018.7,20,26,-6,46
4018.6,13,50,-37,63
4018.5,38,28,10,66
4018.4,23,27,-4,50
4018.3,83,37,46,120
4018.2,42,47,-5,89
4018.1,43,26,17,69
4018.0,56,68,-12,124
4017.9,25,42,-17,67
4017.8,42,43,-1,85
4017.7,26,43,-17,69
4017.6,71,68,3,139
4017.5,76,41,35,117
4017.4,40,34,6,74
4017.3,35,40,-5,75
4017.2,34,49,-15,83
4017.1,43,52,-9,95
4017.0,75,53,22,128
4016.9,25,37,-12,62
4016.8,31,52,-21,83
4016.7,18,44,-26,62
4016.6,35,39,-4,74
4016.5,27,37,-10,64
4016.4,31,38,-7,69
4016.3,44,45,-1,89
4016.2,35,48,-13,83
4016.1,24,39,-15,63
4016.0,84,52,32,136
4015.9,34,23,11,57
4015.8,31,39,-8,70
4015.7,27,46,-19,73
4015.6,33,43,-10,76
4015.5,30,39,-9,69
4015.4,36,16,20,52
4015.3,29,47,-18,76
4015.2,25,29,-4,54
4015.1,35,47,-12,82
4015.0,106,75,31,181
4014.9,38,23,15,61
4014.8,16,51,-35,67
4014.7,74,53,21,127
4014.6,47,37,10,84
4014.5,26,35,-9,61
4014.4,28,31,-3,59
4014.3,46,24,22,70
4014.2,30,32,-2,62
4014.1,37,28,9,65
4014.0,39,59,-20,98
4013.9,16,37,-21,53
4013.8,28,30,-2,58
4013.7,44,30,14,74
4013.6,35,31,4,66
4013.5,34,46,-12,80
4013.4,32,61,-29,93
4013.3,37,24,13,61
4013.2,30,43,-13,73
4013.1,38,33,5,71
4013.0,91,37,54,128
4012.9,40,30,10,70
4012.8,31,45,-14,76
4012.7,26,25,1,51
4012.6,98,23,75,121
4012.5,20,24,-4,44
4012.4,33,22,11,55
4012.3,36,45,-9,81
4012.2,19,28,-9,47
4012.1,23,22,1,45
4012.0,101,59,42,160
4011.9,34,17,17,51
4011.8,32,31,1,63
4011.7,33,35,-2,68
4011.6,28,22,6,50
4011.5,42,32,10,74
4011.4,73,41,32,114
4011.3,29,27,2,56
4011.2,58,70,-12,128
4011.1,25,129,-104,154
4011.0,55,77,-22,132
4010.9,28,24,4,52
4010.8,31,31,0,62
4010.7,15,30,-15,45
4010.6,15,18,-3,33
4010.5,16,26,-10,42
4010.4,25,11,14,36
4010.3,45,20,25,65
4010.2,20,6,14,26
4010.1,20,12,8,32
4010.0,90,43,47,133
4009.9,53,22,31,75
4009.8,76,32,44,108
4009.7,52,29,23,81
4009.6,47,46,1,93
4009.5,26,32,-6,58
4009.4,41,27,14,68
4009.3,42,38,4,80
4009.2,45,24,21,69
4009.1,31,34,-3,65
4009.0,81,88,-7,169
4008.9,66,51,15,117
4008.8,69,49,20,118
4008.7,43,45,-2,88
4008.6,54,43,11,97
4008.5,79,94,-15,173
4008.4,93,58,35,151
4008.3,80,50,30,130
4008.2,85,154,-69,239
4008.1,122,190,-68,312
4008.0,131,158,-27,289
4007.9,76,60,16,136
4007.8,125,57,68,182
4007.7,84,77,7,161
4007.6,95,74,21,169
4007.5,139,109,30,248
4007.4,81,65,16,146
4007.3,93,96,-3,189
4007.2,80,81,-1,161
4007.1,60,66,-6,126
4007.0,87,115,-28,202
4006.9,66,74,-8,140
4006.8,66,45,21,111
4006.7,68,51,17,119
4006.6,71,52,19,123
4006.5,102,69,33,171
4006.4,83,59,24,142
4006.3,125,97,28,222
4006.2,64,65,-1,129
4006.1,123,60,63,183
4006.0,150,141,9,291
4005.9,75,67,8,142
4005.8,78,51,27,129
4005.7,81,68,13,149
4005.6,88,62,26,150
4005.5,73,62,11,135
4005.4,99,48,51,147
4005.3,89,61,28,150
4005.2,75,87,-12,162
4005.1,86,86,0,172
4005.0,219,108,111,327
4004.9,108,60,48,168
4004.8,76,81,-5,157
4004.7,107,96,11,203
4004.6,87,90,-3,177
4004.5,71,91,-20,162
4004.4,73,65,8,138
4004.3,76,79,-3,155
4004.2,64,59,5,123
4004.1,81,61,20,142
4004.0,92,66,26,158
4003.9,70,60,10,130
4003.8,72,63,9,135
4003.7,88,101,-13,189
4003.6,77,67,10,144
4003.5,59,88,-29,147
4003.4,58,107,-49,165
4003.3,64,65,-1,129
4003.2,88,46,42,134
4003.1,93,91,2,184
4003.0,65,103,-38,168
4002.9,88,76,12,164
4002.8,42,52,-10,94
4002.7,56,85,-29,141
4002.6,86,69,17,155
4002.5,74,51,23,125
4002.4,55,54,1,109
4002.3,47,71,-24,118
4002.2,61,38,23,99
4002.1,41,50,-9,91
4002.0,77,66,11,143
4001.9,43,33,10,76
4001.8,56,42,14,98
4001.7,89,44,45,133
4001.6,55,65,-10,120
4001.5,56,70,-14,126
4001.4,60,50,10,110
4001.3,56,64,-8,120
4001.2,60,52,8,112
4001.1,74,54,20,128
4001.0,76,144,-68,220
4000.9,61,100,-39,161
4000.8,81,101,-20,182
4000.7,63,59,4,122
4000.6,75,70,5,145
4000.5,82,117,-35,199
4000.4,85,104,-19,189
4000.3,93,64,29,157
4000.2,99,88,11,187
4000.1,73,112,-39,185
4000.0,266,223,43,489
3999.9,175,98,77,273
3999.8,104,118,-14,222
3999.7,103,83,20,186
3999.6,124,102,22,226
3999.5,168,96,72,264
3999.4,75,74,1,149
3999.3,110,71,39,181
3999.2,102,95,7,197
3999.1,113,122,-9,235
3999.0,123,157,-34,280
3998.9,139,120,19,259
3998.8,94,104,-10,198
3998.7,109,109,0,218
3998.6,145,101,44,246
3998.5,101,96,5,197
3998.4,127,133,-6,260
3998.3,123,120,3,243
3998.2,99,113,-14,212
3998.1,141,122,19,263
3998.0,240,276,-36,516
3997.9,163,96,67,259
3997.8,130,114,16,244
3997.7,135,129,6,264
3997.6,116,108,8,224
3997.5,121,125,-4,246
3997.4,129,116,13,245
3997.3,116,173,-57,289
3997.2,115,129,-14,244
3997.1,128,138,-10,266
3997.0,168,187,-19,355
3996.9,137,116,21,253
3996.8,119,113,6,232
3996.7,107,131,-24,238
3996.6,172,129,43,301
3996.5,157,176,-19,333
3996.4,114,132,-18,246
3996.3,109,114,-5,223
3996.2,118,138,-20,256
3996.1,102,128,-26,230
3996.0,164,198,-34,362
3995.9,131,91,40,222
3995.8,111,92,19,203
3995.7,137,152,-15,289
3995.6,115,116,-1,231
3995.5,101,134,-33,235
3995.4,110,111,-1,221
3995.3,103,104,-1,207
3995.2,130,139,-9,269
3995.1,96,131,-35,227
3995.0,159,182,-23,341
3994.9,96,108,-12,204
3994.8,131,123,8,254
3994.7,92,88,4,180
3994.6,95,108,-13,203
3994.5,92,93,-1,185
3994.4,115,84,31,199
3994.3,97,90,7,187
3994.2,102,78,24,180
3994.1,109,111,-2,220
3994.0,176,131,45,307
3993.9,154,144,10,298
3993.8,160,101,59,261
3993.7,129,109,20,238
3993.6,110,120,-10,230
3993.5,99,146,-47,245
3993.4,109,105,4,214
3993.3,112,88,24,200
3993.2,106,102,4,208
3993.1,109,105,4,214
3993.0,130,135,-5,265
3992.9,114,113,1,227
3992.8,102,120,-18,222
3992.7,116,131,-15,247
3992.6,149,139,10,288
3992.5,147,135,12,282
3992.4,157,136,21,293
3992.3,174,140,34,314
3992.2,142,162,-20,304
3992.1,154,143,11,297
3992.0,171,228,-57,399
3991.9,138,98,40,236
3991.8,101,109,-8,210
3991.7,94,127,-33,221
3991.6,134,126,8,260
3991.5,96,100,-4,196
3991.4,103,123,-20,226
3991.3,119,101,18,220
3991.2,114,129,-15,243
3991.1,126,134,-8,260
3991.0,123,182,-59,305
3990.9,109,98,11,207
3990.8,92,139,-47,231
3990.7,73,120,-47,193
3990.6,104,100,4,204
3990.5,76,93,-17,169
3990.4,112,75,37,187
3990.3,82,65,17,147
3990.2,80,95,-15,175
3990.1,79,89,-10,168
3990.0,130,176,-46,306
3989.9,87,84,3,171
3989.8,80,107,-27,187
3989.7,124,90,34,214
3989.6,99,109,-10,208
3989.5,121,100,21,221
3989.4,84,81,3,165
3989.3,127,74,53,201
3989.2,98,92,6,190
3989.1,74,90,-16,164
3989.0,79,151,-72,230
3988.9,55,71,-16,126
3988.8,78,108,-30,186
3988.7,104,88,16,192
3988.6,114,49,65,163
3988.5,79,83,-4,162
3988.4,84,66,18,150
3988.3,66,86,-20,152
3988.2,105,104,1,209
3988.1,72,73,-1,145
3988.0,117,98,19,215
3987.9,119,98,21,217
3987.8,156,83,73,239
3987.7,90,80,10,170
3987.6,75,63,12,138
3987.5,103,141,-38,244
3987.4,69,58,11,127
3987.3,64,88,-24,152
3987.2,40,67,-27,107
3987.1,63,81,-18,144
3987.0,82,116,-34,198
3986.9,38,44,-6,82
3986.8,73,63,10,136
3986.7,45,43,2,88
3986.6,39,61,-22,100
3986.5,37,32,5,69
3986.4,53,38,15,91
3986.3,43,31,12,74
3986.2,70,62,8,132
3986.1,78,41,37,119
3986.0,78,58,20,136
3985.9,70,64,6,134
3985.8,49,53,-4,102
3985.7,47,85,-38,132
3985.6,60,54,6,114
3985.5,81,63,18,144
3985.4,66,66,0,132
3985.3,33,57,-24,90
3985.2,85,60,25,145
3985.1,43,55,-12,98
3985.0,118,94,24,212
3984.9,39,45,-6,84
3984.8,43,60,-17,103
3984.7,43,43,0,86
3984.6,53,41,12,94
3984.5,50,48,2,98
3984.4,56,42,14,98
3984.3,56,78,-22,134
3984.2,71,68,3,139
3984.1,50,81,-31,131
3984.0,130,80,50,210
3983.9,47,62,-15,109
3983.8,75,47,28,122
3983.7,56,45,11,101
3983.6,68,50,18,118
3983.5,132,51,81,183
3983.4,66,68,-2,134
3983.3,57,61,-4,118
3983.2,56,48,8,104
3983.1,58,69,-11,127
3983.0,54,97,-43,151
3982.9,33,59,-26,92
3982.8,53,50,3,103
3982.7,61,53,8,114
3982.6,36,43,-7,79
3982.5,26,45,-19,71
3982.4,27,34,-7,61
3982.3,24,23,1,47
3982.2,24,40,-16,64
3982.1,21,25,-4,46
3982.0,34,31,3,65
3981.9,35,22,13,57
3981.8,23,26,-3,49
3981.7,12,21,-9,33
3981.6,29,28,1,57
3981.5,22,24,-2,46
3981.4,31,25,6,56
3981.3,36,47,-11,83
3981.2,42,40,2,82
3981.1,24,30,-6,54
3981.0,55,47,8,102
3980.9,54,35,19,89
3980.8,43,45,-2,88
3980.7,63,34,29,97
3980.6,32,37,-5,69
3980.5,75,48,27,123
3980.4,37,49,-12,86
3980.3,46,52,-6,98
3980.2,38,95,-57,133
3980.1,41,81,-40,122
3980.0,80,84,-4,164
3979.9,47,33,14,80
3979.8,67,40,27,107
3979.7,41,35,6,76
3979.6,43,43,0,86
3979.5,26,52,-26,78
3979.4,27,31,-4,58
3979.3,31,47,-16,78
3979.2,44,34,10,78
3979.1,48,45,3,93
3979.0,34,52,-18,86
3978.9,36,26,10,62
3978.8,25,22,3,47
3978.7,19,28,-9,47
3978.6,25,25,0,50
3978.5,14,17,-3,31
3978.4,19,27,-8,46
3978.3,11,13,-2,24
3978.2,22,26,-4,48
3978.1,12,28,-16,40
3978.0,26,77,-51,103
3977.9,11,22,-11,33
3977.8,14,24,-10,38
3977.7,53,26,27,79
3977.6,11,9,2,20
3977.5,12,10,2,22
3977.4,3,14,-11,17
3977.3,9,17,-8,26
3977.2,6,11,-5,17
3977.1,6,13,-7,19
3977.0,13,11,2,24
3976.9,8,7,1,15
3976.8,6,9,-3,15
3976.7,6,12,-6,18
3976.6,7,9,-2,16
3976.5,11,9,2,20
3976.4,13,11,2,24
3976.3,3,7,-4,10
3976.2,10,11,-1,21
3976.1,9,13,-4,22
3976.0,17,16,1,33
3975.9,7,19,-12,26
3975.8,17,31,-14,48
3975.7,15,16,-1,31
3975.6,9,25,-16,34
3975.5,12,33,-21,45
3975.4,20,10,10,30
3975.3,74,21,53,95
3975.2,24,24,0,48
3975.1,21,18,3,39
3975.0,13,48,-35,61
3974.9,13,15,-2,28
3974.8,27,11,16,38
3974.7,5,11,-6,16
3974.6,15,13,2,28
3974.5,15,2,13,17
3974.4,4,1,3,5
3974.3,9,5,4,14
3974.2,1,7,-6,8
3974.1,1,2,-1,3
3974.0,3,6,-3,9
3973.9,3,4,-1,7
3973.8,3,6,-3,9
3973.7,0,4,-4,4
3973.6,0,9,-9,9
3973.5,0,6,-6,6
3973.4,0,1,-1,1
