timestamp_et,event,source
2025-01-10T08:30:00,employment_situation,bls
2025-02-07T08:30:00,employment_situation,bls
2025-03-07T08:30:00,employment_situation,bls
2025-04-04T08:30:00,employment_situation,bls
2025-05-02T08:30:00,employment_situation,bls
2025-06-06T08:30:00,employment_situation,bls
2025-07-03T08:30:00,employment_situation,bls
2025-08-01T08:30:00,employment_situation,bls
2025-09-05T08:30:00,employment_situation,bls
2025-11-20T08:30:00,employment_situation,bls
2025-12-16T08:30:00,employment_situation,bls
2026-01-09T08:30:00,employment_situation,bls
2026-02-11T08:30:00,employment_situation,bls
2026-03-06T08:30:00,employment_situation,bls
2026-04-03T08:30:00,employment_situation,bls
2026-05-08T08:30:00,employment_situation,bls
2026-06-05T08:30:00,employment_situation,bls
2026-07-02T08:30:00,employment_situation,bls
2026-08-07T08:30:00,employment_situation,bls
2026-09-04T08:30:00,employment_situation,bls
2026-10-02T08:30:00,employment_situation,bls
2026-11-06T08:30:00,employment_situation,bls
2026-12-04T08:30:00,employment_situation,bls
2025-01-15T08:30:00,cpi,bls
2025-02-12T08:30:00,cpi,bls
2025-03-12T08:30:00,cpi,bls
2025-04-10T08:30:00,cpi,bls
2025-05-13T08:30:00,cpi,bls
2025-06-11T08:30:00,cpi,bls
2025-07-15T08:30:00,cpi,bls
2025-08-12T08:30:00,cpi,bls
2025-09-11T08:30:00,cpi,bls
2025-10-24T08:30:00,cpi,bls
2025-12-18T08:30:00,cpi,bls
2026-01-13T08:30:00,cpi,bls
2026-02-13T08:30:00,cpi,bls
2026-03-11T08:30:00,cpi,bls
2026-04-10T08:30:00,cpi,bls
2026-05-12T08:30:00,cpi,bls
2026-06-10T08:30:00,cpi,bls
2026-07-14T08:30:00,cpi,bls
2026-08-12T08:30:00,cpi,bls
2026-09-11T08:30:00,cpi,bls
2026-10-14T08:30:00,cpi,bls
2026-11-10T08:30:00,cpi,bls
2026-12-10T08:30:00,cpi,bls
2025-01-29T14:00:00,fomc,federalreserve
2025-03-19T14:00:00,fomc,federalreserve
2025-05-07T14:00:00,fomc,federalreserve
2025-06-18T14:00:00,fomc,federalreserve
2025-07-30T14:00:00,fomc,federalreserve
2025-09-17T14:00:00,fomc,federalreserve
2025-10-29T14:00:00,fomc,federalreserve
2025-12-10T14:00:00,fomc,federalreserve
2026-01-28T14:00:00,fomc,federalreserve
2026-03-18T14:00:00,fomc,federalreserve
2026-04-29T14:00:00,fomc,federalreserve
2026-06-17T14:00:00,fomc,federalreserve
2026-07-29T14:00:00,fomc,federalreserve
2026-09-16T14:00:00,fomc,federalreserve
2026-10-28T14:00:00,fomc,federalreserve
2026-12-09T14:00:00,fomc,federalreserve
